name,pronoun
Michael,he
Jessica,she
Christopher,he
Ashley,she
Matthew,he
Emily,she
Joshua,he
Sarah,she
Jacob,he
Samantha,she
Nicholas,he
Amanda,she
Andrew,he
Brittany,she
Daniel,he
Elizabeth,she
Tyler,he
Taylor,she
Joseph,he
Megan,she
Brandon,he
Hannah,she
David,he
Kayla,she
James,he
Lauren,she
Ryan,he
Stephanie,she
John,he
Rachel,she
Zachary,he
Jennifer,she
Justin,he
Nicole,she
William,he
Alexis,she
Anthony,he
Victoria,she
Robert,he
Amber,she
Jonathan,he
Alyssa,she
Austin,he
Courtney,she
Alexander,he
Rebecca,she
Kyle,he
Danielle,she
Kevin,he
Jasmine,she